-1.1174e-43,-1.9496e-43,-3.4957e-43,-6.4608e-43,-1.2351e-42,-2.4527e-42,-5.0851e-42,-1.1076e-41,-2.5542e-41,-6.2993e-41,-1.6834e-40,-4.9617e-40,-1.654e-39,-6.474e-39,-3.1605e-38,-2.1414e-37,2.9456e-36,0.375,0.625,1.125,1.25,2,2.625,3,3.5,4.125,4.875,5.125,6,6.875,7.375,9,9.719,10.625,12,12,12.5,12.875,12.5,12.875,12.75,12.875,12.5,12.875,12.614,12,12,10.625,10.071,9,7.375,6.875,6.237,5.125,4.875,4.125,3.5,3,2.625,2,1.25,1.125,0.625,0.375,-0,-0,-0,-0,-0,-0,-0,-0,-0,-0,-0,-0,-0,-0,-0,-0,-0
-1.1417e-43,-1.9856e-43,-3.5666e-43,-6.6562e-43,-1.2862e-42,-2.5171e-42,-5.2873e-42,-1.1474e-41,-2.6564e-41,-6.656e-41,-1.7726e-40,-5.2861e-40,-1.8276e-39,-7.026e-39,-3.545e-38,-2.4997e-37,1.9985e-34,0.33287,0.68773,1.0045,1.2518,1.7978,2.2652,2.5993,3.0219,3.5722,4.0932,4.3607,5.0232,5.5233,6.025,6.61,6.7342,7.4494,8.0054,8.253,8.4808,8.7154,8.9893,9.0522,8.8618,9.0539,9.0047,8.7188,8.5001,8.266,7.9896,7.436,6.783,6.6138,6.0016,5.5047,5.0239,4.3611,4.0947,3.5875,3.02,2.5897,2.2784,1.7971,1.2534,1.0069,0.58076,0.32545,-0,-0,-0,-0,-0,-0,-0,-0,-0,-0,-0,-0,-0,-0,-0,-0,-0
-1.245e-43,-2.1425e-43,-3.8666e-43,-7.2126e-43,-1.3773e-42,-2.8264e-42,-5.9627e-42,-1.3058e-41,-3.0747e-41,-7.536e-41,-1.9996e-40,-6.7016e-40,-2.2478e-39,-9.3286e-39,-5.0343e-38,-4.1679e-37,9.3546e-07,0.2789,0.58468,0.83818,1.0588,1.3883,1.7138,1.9803,2.2481,2.5987,2.8709,3,3.3309,3.523,3.5945,3.7574,3.8563,3.936,4.1372,4.3651,4.5111,4.5912,4.7665,4.8022,4.7407,4.839,4.7726,4.5935,4.5278,4.3577,4.1453,3.9249,3.8118,3.7548,3.6171,3.5147,3.3323,3.0089,2.8794,2.5875,2.248,1.982,1.7383,1.3895,1.07,0.84565,0.62741,0.27963,-0,-0,-0,-0,-0,-0,-0,-0,-0,-0,-0,-0,-0,-0,-0,-0,-0
-1.3743e-43,-2.4603e-43,-4.4384e-43,-8.5009e-43,-1.6101e-42,-3.2755e-42,-7.1463e-42,-1.579e-41,-3.9975e-41,-1.0522e-40,-2.8709e-40,-9.161e-40,-3.3503e-39,-1.64e-38,-9.7208e-38,8.0152e-20,0.066813,0.28624,0.48502,0.73182,0.85548,1.0576,1.2695,1.4214,1.6046,1.7532,1.8866,1.9929,2.0928,2.1363,2.1337,2.1504,2.1839,2.2352,2.3411,2.4432,2.513,2.5692,2.6576,2.6951,2.6681,2.6614,2.658,2.5769,2.5151,2.4375,2.3084,2.2408,2.1875,2.1521,2.0946,2.1459,2.0744,1.9918,1.9037,1.7438,1.6044,1.4313,1.2699,1.0451,0.86205,0.73241,0.53989,0.28791,0.057122,-0,-0,-0,-0,-0,-0,-0,-0,-0,-0,-0,-0,-0,-0,-0,-0
-1.6151e-43,-2.766e-43,-5.327e-43,-1.0027e-42,-2.0653e-42,-4.2785e-42,-9.1414e-42,-2.2476e-41,-5.4714e-41,-1.5936e-40,-4.4146e-40,-1.5486e-39,-6.8212e-39,-4.074e-38,2.0066e-22,1.923e-05,0.13582,0.31492,0.45889,0.56886,0.69121,0.83278,0.93337,1.0156,1.1228,1.2235,1.2703,1.296,1.3192,1.3128,1.3356,1.3432,1.3718,1.4023,1.4418,1.4983,1.5596,1.5752,1.6028,1.6134,1.609,1.6071,1.6076,1.5771,1.5552,1.5169,1.457,1.3966,1.3421,1.3505,1.3106,1.3211,1.3165,1.3038,1.2724,1.182,1.1183,1.0323,0.93812,0.83124,0.69479,0.56615,0.49231,0.31226,0.13505,0.0012203,-0,-0,-0,-0,-0,-0,-0,-0,-0,-0,-0,-0,-0,-0,-0
-1.9577e-43,-3.7341e-43,-6.7377e-43,-1.3467e-42,-2.7399e-42,-5.9281e-42,-1.251e-41,-3.1009e-41,-8.6289e-41,-2.5951e-40,-9.3231e-40,-3.2797e-39,-3.4187e-38,3.6902e-21,4.5267e-06,0.048776,0.16305,0.30301,0.4252,0.45474,0.55376,0.6348,0.70947,0.76106,0.81103,0.8414,0.85794,0.86038,0.86213,0.87041,0.87878,0.91391,0.94131,0.95355,0.98291,1.0148,1.0168,1.0289,1.0597,1.0655,1.0579,1.0582,1.0438,1.0544,1.0205,1.0029,0.97771,0.94891,0.90824,0.87737,0.88246,0.88048,0.86911,0.85808,0.87913,0.84056,0.80791,0.76214,0.69066,0.64902,0.5707,0.45082,0.37563,0.27244,0.16846,0.043919,-0,-0,-0,-0,-0,-0,-0,-0,-0,-0,-0,-0,-0,-0,-0
-2.6637e-43,-4.6799e-43,-9.7626e-43,-1.9742e-42,-4.2595e-42,-9.1462e-42,-2.0902e-41,-4.7267e-41,-1.606e-40,-5.9493e-40,-1.886e-39,-5.7917e-38,2.3641e-20,1.0292e-07,0.0089429,0.098674,0.19546,0.25239,0.3314,0.38864,0.44761,0.48993,0.52481,0.55314,0.58288,0.57939,0.58912,0.60166,0.60356,0.61935,0.62028,0.63954,0.66894,0.68115,0.69378,0.69237,0.7218,0.71375,0.73421,0.73932,0.72664,0.71519,0.74873,0.71449,0.71682,0.6906,0.71956,0.68013,0.65075,0.65758,0.62479,0.61359,0.61287,0.59409,0.56335,0.59803,0.56765,0.55701,0.54336,0.4917,0.45469,0.4083,0.31894,0.26212,0.18579,0.093401,0.012823,-0,-0,-0,-0,-0,-0,-0,-0,-0,-0,-0,-0,-0,-0
-3.7097e-43,-6.7643e-43,-1.3317e-42,-2.9265e-42,-6.7813e-42,-1.5419e-41,-3.7157e-41,-1.1143e-40,-3.576e-40,-1.3889e-39,7.4129e-33,1.1155e-14,1.597e-07,0.0025453,0.051344,0.13863,0.18798,0.23148,0.28877,0.30729,0.35796,0.36074,0.38815,0.39721,0.39498,0.38537,0.42531,0.43385,0.45208,0.46523,0.46793,0.45839,0.49143,0.48559,0.50923,0.50127,0.50583,0.52321,0.51825,0.53507,0.51854,0.52156,0.49728,0.51415,0.50338,0.51883,0.49711,0.49937,0.48937,0.47451,0.45625,0.4471,0.45164,0.4543,0.42824,0.42967,0.41398,0.39991,0.38339,0.36198,0.33722,0.32403,0.26911,0.23862,0.22537,0.12192,0.045133,0.0027254,1.0292e-07,-0,-0,-0,-0,-0,-0,-0,-0,-0,-0,-0,-0
-5.3651e-43,-1.1847e-42,-2.2239e-42,-5.3467e-42,-1.1327e-41,-3.2483e-41,-8.012e-41,-5.6266e-40,-1.8304e-39,3.4427e-24,7.2724e-14,1.035e-07,0.0014567,0.022839,0.078375,0.13689,0.1672,0.20157,0.23414,0.2493,0.26788,0.27727,0.28675,0.28035,0.30083,0.30412,0.31026,0.30891,0.33054,0.34485,0.35266,0.33121,0.33736,0.35727,0.36549,0.36954,0.36916,0.37547,0.36993,0.38659,0.38789,0.36492,0.37612,0.3718,0.36363,0.36907,0.3716,0.3568,0.35205,0.34982,0.3543,0.34371,0.34361,0.3203,0.31169,0.30099,0.28008,0.27575,0.28269,0.27062,0.2692,0.25401,0.2251,0.1964,0.18041,0.11896,0.090997,0.026309,0.00095988,1.774e-07,-0,-0,-0,-0,-0,-0,-0,-0,-0,-0,-0
-8.5411e-43,-1.8551e-42,-4.3781e-42,-9.0108e-42,-2.62e-41,-7.2938e-41,-2.2424e-40,5.5041e-34,1.9495e-17,9.957e-12,3.3499e-07,0.00046465,0.011263,0.056857,0.075341,0.11423,0.1492,0.16361,0.17685,0.19443,0.19442,0.17986,0.21312,0.18523,0.23069,0.21538,0.22189,0.23514,0.22643,0.26475,0.26228,0.26435,0.26221,0.25176,0.2603,0.27271,0.27183,0.26643,0.27662,0.28304,0.26799,0.27784,0.26207,0.27131,0.28364,0.2463,0.26807,0.26377,0.23669,0.26095,0.26433,0.2504,0.24549,0.25453,0.25266,0.22729,0.23525,0.20852,0.18862,0.19026,0.18578,0.19696,0.19552,0.16793,0.14585,0.11846,0.1075,0.04531,0.015789,0.0007303,2.1472e-07,-0,-0,-0,-0,-0,-0,-0,-0,-0,-0
-1.5384e-42,-3.3979e-42,-8.0791e-42,-2.4825e-41,-6.9056e-41,-3.966e-40,9.6314e-26,2.088e-16,8.0462e-11,1.1305e-06,0.00036815,0.0098719,0.044522,0.059031,0.096799,0.11238,0.11666,0.12699,0.14265,0.13154,0.13868,0.13879,0.15702,0.15283,0.16968,0.18186,0.18613,0.16834,0.1768,0.19426,0.18471,0.18306,0.19227,0.17713,0.1851,0.19706,0.19162,0.20369,0.1923,0.17991,0.19169,0.18808,0.19856,0.20577,0.19601,0.19594,0.20003,0.20814,0.18981,0.21455,0.1829,0.18693,0.19952,0.16554,0.16698,0.17837,0.16394,0.15741,0.14849,0.14595,0.13035,0.12242,0.12364,0.13709,0.12687,0.10562,0.07952,0.067919,0.036651,0.0092941,0.00086345,1.2493e-06,9.8766e-11,-0,-0,-0,-0,-0,-0,-0,-0
-3.005e-42,-7.4542e-42,-1.9012e-41,-4.8286e-40,3.2229e-34,5.6001e-20,3.348e-14,7.8053e-10,4.2836e-06,0.00043905,0.0066751,0.017783,0.046195,0.058079,0.069515,0.086877,0.085291,0.076523,0.088376,0.093114,0.097191,0.10673,0.11896,0.11985,0.11655,0.13028,0.12529,0.13787,0.13106,0.14056,0.14282,0.13804,0.12386,0.13126,0.14288,0.13854,0.12622,0.13133,0.14217,0.13927,0.13885,0.14088,0.1395,0.13247,0.13291,0.14158,0.13515,0.13992,0.12654,0.14656,0.1474,0.14161,0.13583,0.12057,0.13229,0.13473,0.11913,0.12846,0.12095,0.11807,0.087681,0.093379,0.082782,0.084368,0.08755,0.088425,0.076378,0.056918,0.047665,0.021093,0.0057851,0.00061493,4.3908e-06,6.8041e-10,-0,-0,-0,-0,-0,-0,-0
-7.9041e-42,-1.9534e-41,8.6527e-39,2.0276e-26,3.2159e-16,9.5716e-13,5.7888e-09,9.7602e-06,0.00079638,0.0059738,0.013033,0.021662,0.027279,0.050197,0.043553,0.0429,0.057716,0.050884,0.06357,0.076024,0.061011,0.066013,0.081151,0.078837,0.084621,0.080638,0.094651,0.081611,0.10375,0.098539,0.091631,0.087312,0.099013,0.077478,0.087436,0.080921,0.090144,0.085314,0.087902,0.090683,0.093259,0.10531,0.09348,0.1024,0.098815,0.090596,0.087452,0.10276,0.097363,0.088859,0.096399,0.091768,0.085819,0.082299,0.084058,0.090955,0.085945,0.081951,0.082675,0.091589,0.078423,0.06114,0.060504,0.061559,0.048463,0.051991,0.032248,0.045103,0.029234,0.022289,0.012157,0.0055426,0.00065888,1.5389e-05,4.7154e-09,-0,-0,-0,-0,-0,-0
-3.1399e-40,6.8241e-32,3.2662e-19,2.6813e-15,1.4531e-11,5.8697e-08,3.1063e-05,0.00052864,0.0031909,0.0054444,0.01176,0.022484,0.02532,0.023259,0.026286,0.026254,0.031414,0.038011,0.038035,0.033248,0.046952,0.046644,0.060055,0.046976,0.066296,0.044419,0.060312,0.047039,0.053437,0.060851,0.062948,0.051879,0.059963,0.063717,0.067445,0.055578,0.052067,0.058546,0.067625,0.067275,0.083211,0.070597,0.069517,0.064143,0.056015,0.05787,0.049565,0.068104,0.055707,0.050301,0.065529,0.058109,0.067193,0.069666,0.052916,0.064681,0.062237,0.056948,0.049783,0.047286,0.040754,0.056999,0.034476,0.034482,0.030931,0.026061,0.017969,0.028201,0.021281,0.020024,0.015934,0.008062,0.002045,0.00065809,1.315e-05,9.6546e-08,3.6767e-11,-0,-0,-0,-0
1.3594e-23,8.6142e-18,4.4084e-14,4.9568e-10,4.9098e-07,3.4371e-05,0.00037403,0.0015647,0.0037167,0.007679,0.010288,0.011814,0.0096468,0.011836,0.010761,0.01617,0.019216,0.02057,0.035696,0.025121,0.032539,0.021318,0.023418,0.029907,0.031899,0.031553,0.026522,0.02966,0.037186,0.034184,0.034544,0.031816,0.031986,0.030618,0.042172,0.040229,0.043708,0.026662,0.03467,0.030081,0.04074,0.034215,0.031803,0.037218,0.037529,0.036446,0.036734,0.042068,0.031849,0.043254,0.041162,0.026407,0.03919,0.037284,0.026022,0.033731,0.024106,0.032629,0.034525,0.027641,0.021404,0.025561,0.025787,0.019988,0.018439,0.017101,0.0098847,0.014299,0.0041309,0.011986,0.010494,0.0089464,0.0037618,0.0016298,0.00045296,2.0597e-05,4.4357e-07,6.5639e-10,2.4653e-13,-0,-0
1.2839e-15,1.631e-12,7.8516e-09,7.8887e-07,5.1892e-05,0.00030017,0.00091002,0.0027933,0.0026716,0.0054536,0.0060624,0.0028328,0.0046431,0.0052652,0.0070476,0.0054009,0.0094245,0.015829,0.01445,0.013036,0.023704,0.015741,0.024444,0.015285,0.016117,0.015007,0.010876,0.018665,0.022501,0.015094,0.012748,0.017257,0.017134,0.01647,0.018784,0.01481,0.017877,0.016609,0.021617,0.014184,0.025421,0.013592,0.024755,0.01917,0.016831,0.021797,0.021845,0.019634,0.018297,0.020784,0.019117,0.020057,0.02312,0.021519,0.013139,0.017902,0.014822,0.021199,0.017928,0.018432,0.011829,0.0072577,0.017179,0.0063647,0.012471,0.011533,0.0063681,0.0088764,0.0077912,0.0036757,0.0031554,0.0042577,0.0038871,0.0012006,0.00089967,0.00084205,6.9687e-05,9.6611e-07,6.5729e-09,1.3944e-12,8.3317e-16
7.7229e-11,4.4192e-08,3.1028e-06,3.829e-05,0.00024736,0.00059528,0.00085412,0.00061625,0.0019011,0.0012473,0.0017769,0.0016842,0.0010208,0.0024488,0.0072028,0.00078502,0.0022297,0.0042722,0.0036016,0.0082944,0.0078209,0.0048671,0.0089272,0.0041825,0.0060324,0.0092574,0.0053032,0.0065259,0.0058358,0.0076985,0.008973,0.014127,0.0072253,0.01027,0.0057639,0.0070455,0.0042726,0.012397,0.0074043,0.008589,0.0069602,0.011467,0.011333,0.012085,0.0099128,0.0079364,0.0093695,0.0096184,0.010783,0.011918,0.009721,0.0058125,0.0073637,0.010079,0.0072453,0.0082033,0.0092646,0.010216,0.0057007,0.0085659,0.0074646,0.0078669,0.0080205,0.0073604,0.0052531,0.004685,0.0043448,0.0044219,0.0025865,0.0013397,0.0022763,0.00026084,9.1222e-06,0.00071407,0.00084463,0.0005077,0.00021333,6.645e-05,2.5025e-06,1.919e-08,1.4273e-10
1.4218e-07,2.7944e-07,2.0703e-05,0.00013345,0.00036917,0.00022248,3.7059e-06,0.00038007,0.00020906,0.00098063,-0.00049363,0.0012148,0.0015292,0.0011929,0.0014403,0.0027116,0.00037955,0.0027435,0.003806,0.0026815,0.0043003,0.0040501,0.0036244,0.0032588,0.0034834,0.0033681,0.0039511,0.0036509,0.0050135,0.0025981,0.0050147,0.0029217,0.00083426,0.0028858,0.0030151,0.0036354,0.0042707,0.0023965,0.0036538,0.0048713,0.0044963,0.00237,0.0033494,0.0030711,0.0037669,0.0047961,0.0072749,0.0050631,0.0053146,0.0027246,0.0024434,0.0044685,0.0051346,0.0050847,0.0027426,0.0032368,0.0069863,0.0044649,0.0026824,0.0031567,0.0036698,0.0041007,0.0010691,0.002602,0.0033088,0.0026163,0.0022055,4.4056e-05,0.0020638,0.00023579,0.00048019,0.00039,0.00059911,0.00011512,-7.2505e-05,0.00018549,0.0002865,0.00011274,3.5548e-05,9.0886e-06,4.1582e-07
9.0938e-06,-2.1003e-05,3.5231e-05,-2.0517e-05,-1.7649e-05,-1.4825e-05,-6.341e-05,4.0089e-05,-0.00018578,-0.00010221,0.00030039,1.2805e-05,0.00074611,0.00064438,-5.2422e-05,-0.00060638,0.0002585,0.0005464,0.00096376,0.00094634,0.0013722,9.4938e-05,0.00096894,-0.0001053,0.0012513,0.0017736,-9.9267e-05,0.0010106,0.0025515,0.00099064,0.00093225,0.001301,0.0013056,0.0014413,-0.00038424,0.0014868,0.0021125,0.0006399,0.00034823,0.0018834,0.0015453,0.0021113,0.0010059,0.00092427,0.0010721,0.00038708,-0.00036416,0.0010622,0.0013152,-9.1589e-06,0.00054374,0.0017482,0.0011376,0.0018839,0.0010449,0.0019461,0.00026648,0.00064961,0.0013752,0.0013594,0.0011071,0.0011023,0.00030031,0.00054494,0.00062325,0.00024147,0.00057566,0.00048356,0.00037616,0.00046786,-0.00033051,1.6939e-05,-1.6868e-05,-8.079e-05,-2.6923e-05,1.2798e-05,-0.00012526,0.0001009,9.8405e-05,1.7329e-05,8.3779e-06
-5.6104e-07,-1.4782e-05,-2.6486e-05,3.3767e-05,-3.6119e-05,-4.1759e-05,-6.3831e-05,5.8816e-05,2.1242e-05,-0.00022954,0.00012729,-4.7694e-05,0.00014121,-0.00043544,0.00016385,0.00012826,0.0002082,6.4184e-05,-0.00015363,0.00019729,0.00090645,-0.00030539,0.00024404,-0.00038942,7.5729e-05,1.8299e-05,-3.6323e-05,7.5335e-07,-0.00025268,0.00030908,0.00037769,0.00017877,7.4575e-05,0.00049227,8.0771e-05,0.00019085,0.00094299,-0.00016392,1.6754e-05,-0.00028513,0.00041502,-0.00027215,0.00066643,0.00073419,0.00047951,-0.00055488,0.00016843,-0.00010366,0.00025666,0.00050091,0.0006648,0.00055067,0.0002258,4.8905e-05,0.0003403,-9.7883e-05,0.00054661,0.00037764,0.00046998,0.00066701,4.9612e-05,0.00021406,-0.00016638,5.4e-05,-0.00012417,0.00019695,0.00020303,-0.0003353,-0.00052022,-8.8835e-05,5.7673e-05,0.00012654,-0.00028055,-0.0001941,-0.00015196,-0.00017848,-3.8749e-05,-7.4505e-05,2.9433e-05,1.6587e-05,1.3315e-05
-6.652e-06,-1.6735e-05,-1.7393e-05,-4.6122e-05,-5.0348e-05,-0.00014861,-8.5613e-05,-0.00016237,-0.0001258,1.6176e-05,-0.00023705,-0.00012096,-4.7519e-05,-4.2662e-05,0.00010414,-0.00015214,-7.0602e-05,0.00010474,8.5683e-05,-0.00024097,9.7457e-05,-1.6369e-05,8.2229e-05,-0.00011968,-0.00039346,-0.00029519,-2.6104e-05,-0.00023935,-0.00036448,-0.00013944,-0.00019037,0.00011492,-0.00018905,-0.00010341,-0.00019663,-0.00024223,-1.2281e-05,-0.0001355,0.00018262,5.6704e-05,7.0404e-05,8.4384e-05,-0.00019927,-8.0205e-05,-0.00021987,-6.5843e-06,-0.00023386,-0.00010369,-0.00022958,-6.6779e-05,-6.3763e-05,-0.00014475,-9.5719e-05,-9.3362e-05,-0.00012459,-7.1871e-05,0.00011232,1.041e-05,1.7868e-05,-0.00018717,2.2115e-05,-0.00014069,-0.00022052,-0.00034835,-0.00013401,-0.00011956,-6.8259e-05,-2.1181e-05,-9.4812e-06,-0.00027509,-0.00016821,-0.0001745,-0.00011707,-0.00011051,-0.00016045,-0.00013116,-3.6243e-05,-4.107e-05,-4.8335e-05,-8.6774e-06,-2.3885e-05
-2.9041e-05,-1.8915e-05,-3.1744e-05,-3.645e-05,-9.3987e-05,-8.9361e-05,-0.00019764,-0.00013656,-0.00017449,-0.00013672,-7.6698e-05,-9.2328e-05,-0.00029722,-0.00010645,-0.00014086,-1.9905e-05,-9.8323e-05,-1.9361e-05,-1.6768e-05,-0.00016113,-0.00030875,-5.7682e-05,-0.0002827,-0.00034113,-0.00021802,-0.00033837,-9.8675e-05,-5.9554e-05,-0.00034334,-0.00016865,-4.9516e-06,-0.00015986,-0.00016037,-1.4057e-05,-4.7825e-05,-2.9753e-05,-6.4793e-05,-0.00022119,-0.00032147,-0.0001776,-0.00027291,-0.00015044,-3.1948e-05,-0.00018612,-0.00013369,-4.0438e-05,-0.00022686,-0.00021914,-0.00018504,-0.00012809,-0.00022729,-0.00029986,-0.00021702,-0.000141,-0.00022562,-4.2649e-06,-0.0001142,-0.0001339,-0.00019248,6.9611e-05,-0.00015365,-0.00020029,-0.00012452,-5.9212e-05,-0.00013419,-0.0001028,-0.0001142,-0.00016026,-0.00013795,-0.00018633,-6.7847e-05,-0.00021296,-9.3074e-05,4.5423e-05,-7.9979e-05,-6.4907e-05,-5.3708e-05,-6.2932e-05,-9.3798e-05,-4.5058e-05,3.4115e-06
-1.2482e-05,-4.0542e-05,-2.5724e-05,-4.7982e-05,-0.00011511,-5.8145e-05,-5.6023e-05,-5.3362e-05,-0.00018674,-6.712e-05,-7.1562e-05,-8.3402e-05,-0.00011139,-9.1807e-05,-0.00020773,-8.359e-05,-5.1326e-05,-0.00012757,-7.2921e-05,-5.9875e-05,-0.00010434,-0.00016697,-0.00012348,-0.00010582,-5.8668e-05,-5.3353e-05,-0.00010909,-0.00010859,-0.00013074,-0.00010761,-0.00014672,-0.00012302,-6.2129e-05,-4.0207e-05,-7.1595e-05,-3.8823e-05,-9.9e-05,-2.7844e-05,-0.00010665,-0.00013733,-0.00012941,-8.5118e-05,-0.00012405,-0.00017192,-8.8025e-05,-0.00020429,-0.00026059,-0.00013181,-6.5891e-05,-0.00021107,-9.6084e-05,-7.196e-05,-0.00022394,-8.6816e-05,-9.0642e-05,-0.00010289,-9.1408e-05,-0.00014123,-8.0908e-05,-0.00013059,-9.0888e-05,-8.5336e-05,-4.9551e-05,-4.522e-05,-0.00015058,-0.00014857,-0.00012058,-8.8102e-05,-0.00010164,-0.00012737,-0.00010665,-3.2791e-05,-2.3438e-05,-4.8025e-05,-6.7228e-05,-4.8745e-05,-5.0012e-05,-2.7562e-05,-6.4156e-05,-1.8844e-05,-4.0683e-05
-1.371e-05,-1.4754e-05,-2.7425e-05,-2.5376e-05,-2.3864e-05,-1.1999e-05,-5.1608e-07,-4.6275e-05,-3.4275e-05,-3.7552e-05,-4.3335e-05,-7.3887e-05,-4.8785e-05,-0.00012405,-2.2801e-05,-0.00015116,-1.6142e-05,-3.8814e-05,-7.8132e-05,-4.4781e-05,-0.00010999,-6.5666e-05,-9.2585e-05,-3.5319e-05,-3.8691e-05,-3.7026e-05,-6.2862e-05,-6.7293e-05,-6.1678e-05,-3.5934e-05,-6.6385e-05,-7.5331e-05,-2.3484e-05,-5.3587e-05,-3.7647e-05,-0.00016503,-3.7216e-05,-6.1317e-05,-8.7916e-05,-6.1091e-05,-6.361e-05,-8.4101e-05,-9.3641e-05,-0.00011743,-6.1422e-05,-6.5712e-05,-2.5511e-05,-4.668e-05,-5.8513e-05,-4.8279e-05,-4.5905e-05,-5.1221e-05,-3.1631e-05,-3.1523e-05,-8.8809e-05,-5.3409e-05,-5.5817e-05,-6.9206e-05,-7.6122e-05,-9.4516e-05,-4.9597e-05,-5.0813e-05,-6.7727e-05,-0.00012496,-9.9457e-05,-3.6923e-05,-6.8766e-05,-5.5973e-05,-3.0827e-05,-5.7592e-05,-5.2514e-05,-1.8884e-05,-5.7263e-05,-6.1698e-05,-6.6691e-05,-3.835e-05,-1.8344e-05,-1.8635e-05,-4.1226e-05,-1.6883e-05,-2.4699e-05
-1.0733e-05,-1.0549e-05,-1.6158e-05,-1.7177e-05,-1.9354e-05,-2.7607e-05,-1.0969e-05,-1.8292e-05,-2.4859e-05,-2.1407e-05,-2.2631e-05,-2.981e-05,-2.5263e-05,-4.9599e-05,-2.9222e-05,-2.6334e-05,-4.7482e-05,-3.1954e-05,-7.1118e-05,-4.5863e-05,-4.9386e-05,-4.4755e-05,-1.6947e-05,-1.243e-05,-4.1475e-05,-2.2959e-05,-2.0993e-05,-7.4493e-05,-7.4701e-05,-3.5803e-05,-1.6539e-05,-2.3294e-05,-2.7894e-05,-3.4686e-05,-2.7298e-05,-4.3744e-05,-2.37e-05,-2.8441e-05,-3.9476e-05,-3.8859e-05,-2.7042e-05,-6.7e-05,-1.8373e-05,-1.0238e-05,-3.8439e-05,-2.0714e-05,-5.5526e-05,-4.7751e-05,-3.2471e-05,-7.4114e-05,-1.9544e-05,-2.7017e-05,-6.6519e-05,-4.414e-05,-7.3979e-05,-4.5054e-05,-3.1078e-05,-5.8183e-06,-2.7717e-05,-2.2967e-05,-3.6385e-05,-3.9471e-05,-2.5534e-05,-3.5559e-05,-5.5394e-05,-2.8041e-05,-2.7854e-05,-4.0353e-05,-4.2281e-05,-2.4857e-05,-4.4285e-05,-2.5342e-05,-2.166e-05,-2.3375e-05,-3.701e-05,-2.7776e-05,-1.4827e-05,-1.6331e-05,-3.399e-05,-1.3613e-05,-1.0805e-05
-4.8095e-06,-1.0189e-05,-1.2778e-05,-1.8816e-05,-9.2918e-06,-1.2228e-05,-2.1172e-05,-1.9888e-05,-1.9684e-05,-1.0754e-05,-1.5912e-05,-1.3363e-05,-2.8136e-05,-1.3398e-05,-1.5663e-05,-1.825e-05,-1.6122e-05,-3.4021e-05,-2.3573e-05,-1.7347e-05,-1.093e-05,-1.5112e-05,-1.7479e-05,-1.4248e-05,-2.3106e-05,-2.5933e-05,-2.2129e-05,-1.2302e-05,-2.3887e-05,-1.9552e-05,-2.1745e-05,-1.8371e-05,-1.5715e-05,-1.7801e-05,-1.2687e-05,-2.6452e-05,-2.1272e-05,-1.8483e-05,-2.122e-05,-3.2917e-05,-2.0603e-05,-3.3625e-05,-1.8909e-05,-2.675e-05,-2.5581e-05,-1.7641e-05,-1.4056e-05,-1.2767e-05,-3.1919e-05,-2.3143e-05,-2.5197e-05,-3.0084e-05,-1.5412e-05,-3.3965e-05,-3.1542e-05,-2.4263e-05,-8.6353e-06,-3.3325e-05,-1.2454e-05,-1.6698e-05,-1.1875e-05,-2.3846e-05,-2.8771e-05,-8.989e-06,-2.5189e-05,-1.5229e-05,-1.321e-05,-1.3912e-05,-2.2727e-05,-1.4962e-05,-1.6854e-05,-1.078e-05,-1.7678e-05,-2.5905e-05,-4.6061e-06,-1.0095e-05,-9.5158e-06,-1.3536e-05,-7.1108e-06,-4.5002e-06,-9.886e-06
-1.0047e-05,-8.2788e-06,-6.2787e-06,-8.2377e-06,-9.3767e-06,-9.7548e-06,-2.607e-06,-5.3714e-06,-1.3017e-05,-1.0312e-05,-1.5714e-05,-1.9273e-05,-1.1433e-05,-6.2216e-06,-1.3321e-05,-7.6032e-06,-6.103e-06,-1.0478e-05,-1.6456e-05,-3.4928e-06,-1.1083e-05,-9.9944e-06,-1.1916e-05,-8.4231e-06,-1.4037e-05,-8.3528e-06,-9.9303e-06,-1.3135e-05,-1.2091e-05,-9.7302e-06,-1.2424e-05,-7.2011e-06,-7.942e-06,-1.533e-05,-9.5729e-06,-1.5772e-05,-1.1832e-05,-6.8481e-06,-1.6245e-05,-6.7404e-06,-8.9994e-06,-6.0276e-06,-1.3776e-05,-1.9622e-05,-4.9589e-06,-8.0599e-06,-5.6244e-06,-1.1742e-05,-1.3438e-05,-1.7627e-05,-1.3076e-05,-9.1248e-06,-1.8889e-05,-1.2092e-05,-6.5919e-06,-1.1135e-05,-1.2934e-05,-1.3257e-05,-1.2102e-05,-1.2856e-05,-8.0397e-06,-2.2676e-05,-1.1946e-05,-1.3648e-05,-1.4092e-05,-2.6076e-05,-1.4935e-05,-7.7761e-06,-7.2075e-06,-1.1236e-05,-3.2833e-06,-4.1336e-06,-8.3814e-06,-6.0928e-06,-9.9367e-06,-8.9634e-06,-3.5595e-06,-1.1831e-05,-7.9629e-06,-4.9336e-06,-3.8556e-06
-4.2642e-06,-1.7318e-06,-7.8509e-06,-3.4194e-06,-6.6282e-06,-3.4034e-06,-3.8258e-06,-3.8898e-06,-3.7387e-06,-4.3886e-06,-6.7082e-06,-9.353e-06,-1.0773e-05,-6.5992e-06,-4.6571e-06,-5.6332e-06,-6.3569e-06,-2.6263e-06,-5.9495e-06,-9.1695e-06,-1.1137e-05,-4.4731e-06,-6.6213e-06,-5.707e-06,-7.5468e-06,-5.4595e-06,-3.5313e-06,-1.3e-05,-7.5665e-06,-4.3222e-06,-1.2735e-05,-6.0953e-06,-6.5672e-06,-4.4082e-06,-5.1968e-06,-6.3092e-06,-5.7151e-06,-7.7642e-06,-5.6387e-06,-1.4317e-06,-6.0767e-06,-5.8131e-06,-2.1235e-06,-4.1132e-06,-2.7352e-06,-7.1502e-06,-8.064e-06,-6.0349e-06,-6.7566e-06,-5.9413e-06,-1.2177e-05,-7.5594e-06,-1.1489e-05,-1.1696e-05,-2.0415e-06,-1.1635e-05,-7.1673e-06,-8.5516e-06,-1.027e-05,-6.0799e-06,-1.2628e-05,-1.0388e-05,-5.38e-06,-1.7967e-06,-9.5945e-06,-4.264e-06,-6.1389e-06,-3.8724e-06,-1.1674e-05,-3.2191e-06,-6.0883e-06,-4.986e-06,-5.5097e-06,-3.5992e-06,-5.7846e-06,-6.7543e-06,-4.0376e-06,-2.382e-06,-2.9731e-06,-3.2808e-06,-8.1611e-06
-1.4671e-06,-2.3775e-06,-3.9702e-06,-2.0277e-06,-7.9262e-07,-3.8543e-06,-4.0713e-06,-1.1381e-06,-3.3604e-06,-3.6407e-06,-5.3795e-06,-2.0344e-06,-5.4327e-06,-1.3683e-06,-1.4918e-06,-2.9124e-06,-3.9359e-06,-9.584e-07,-2.7584e-06,-2.021e-06,-3.7085e-06,-2.7423e-06,-6.8687e-06,-2.9756e-06,-3.5176e-06,-4.4452e-06,-2.6369e-06,-6.4916e-06,-3.5098e-06,-6.863e-06,-3.0741e-06,-6.1349e-06,-3.8242e-06,-3.9664e-06,-2.945e-06,-4.4072e-06,-4.8043e-06,-2.2184e-06,-4.3079e-06,-9.2911e-06,-2.066e-06,-2.6872e-06,-2.012e-06,-4.4005e-06,-4.6829e-06,-3.6837e-06,-3.4151e-06,-4.3292e-06,-3.5608e-06,-5.7979e-06,-5.1541e-06,-4.1074e-06,-4.4037e-06,-1.1756e-06,-5.8189e-06,-2.5761e-06,-1.6259e-06,-4.2527e-06,-5.0113e-06,-4.3196e-06,-3.0065e-06,-4.0999e-06,-5.4253e-06,-1.991e-06,-3.2014e-06,-3.2463e-06,-4.5924e-06,-2.7451e-06,-3.0417e-06,-4.1827e-06,-6.3257e-06,-2.738e-06,-2.9996e-06,-5.3556e-06,-2.6157e-06,-2.0451e-06,-2.1708e-06,-1.736e-06,-2.1767e-06,-4.7857e-06,-1.7836e-06
-6.6175e-07,-4.9794e-07,-1.9482e-06,-1.2774e-06,-1.6996e-06,-1.5161e-06,-1.2706e-06,-1.7151e-06,-2.827e-06,-7.8893e-07,-6.7705e-07,-1.0124e-06,-1.363e-06,-9.1443e-07,-1.8211e-06,-1.384e-06,-1.8409e-06,-2.1529e-06,-1.9994e-06,-2.0357e-06,-2.2013e-06,-3.4245e-06,-1.4802e-06,-1.9375e-06,-1.5072e-06,-4.403e-06,-2.7229e-06,-1.9206e-06,-8.0335e-07,-3.4845e-06,-2.6181e-06,-2.2857e-06,-1.9556e-06,-1.0843e-06,-1.2295e-06,-8.2795e-07,-2.4988e-06,-1.0891e-06,-3.8318e-06,-3.824e-06,-1.9305e-06,-1.2943e-06,-6.6286e-07,-1.7301e-06,-9.8578e-07,-3.1469e-06,-2.8637e-06,-2.6844e-06,-3.0722e-06,-1.9465e-06,-2.4862e-06,-3.0214e-06,-1.286e-06,-1.3584e-06,-1.5071e-06,-1.5476e-06,-1.2212e-06,-2.1916e-06,-3.138e-06,-2.7076e-06,-3.714e-06,-2.5215e-06,-2.6904e-06,-1.4962e-06,-2.5102e-06,-2.5137e-06,-4.5707e-07,-1.998e-06,-3.3294e-06,-2.8804e-06,-1.5276e-06,-1.7116e-06,-1.7168e-06,-1.4346e-06,-1.6205e-06,-1.068e-06,-2.0005e-06,8.1736e-09,-9.4048e-07,-1.3044e-06,-9.8768e-07
-4.4741e-07,-2.9259e-07,-5.2988e-07,-2.0504e-06,-9.7876e-07,-5.4612e-07,-7.7682e-07,-7.0432e-07,-2.1532e-06,-7.5599e-07,-6.8337e-07,-1.1737e-06,-1.321e-06,-9.4131e-07,-6.094e-07,-9.706e-07,-7.8439e-07,-2.5216e-06,-5.1868e-07,-1.6269e-06,-7.2523e-07,-1.0577e-06,-9.1349e-07,-1.4316e-06,-7.215e-07,-6.7291e-07,-3.4072e-06,-1.0068e-06,-1.6526e-06,-6.5058e-07,-1.3664e-06,-3.5512e-07,-1.3912e-06,-1.5874e-06,-1.3224e-06,-4.1351e-07,-1.2761e-06,-1.85e-06,-3.7577e-07,-1.4701e-06,-1.4787e-06,-5.7266e-07,-1.2198e-06,-1.7674e-06,-1.2245e-06,-3.3915e-07,-2.603e-07,-1.2723e-06,-9.5659e-07,-2.1465e-06,-6.5106e-07,-1.2506e-06,-1.5997e-06,-1.2303e-06,-3.4572e-06,-1.194e-06,-2.8772e-06,-3.7085e-07,-1.1917e-06,-1.6363e-06,-3.0743e-07,-1.8758e-06,-1.4836e-06,-2.9298e-07,-2.6547e-06,-9.8019e-07,-7.8632e-07,-2.2586e-06,-5.8094e-07,-2.3882e-06,-1.3044e-06,-1.4724e-06,-1.1193e-06,-1.4957e-06,-2.1713e-07,-5.0451e-07,-2.6511e-07,-1.0644e-06,-8.2684e-07,-7.4006e-07,-4.6776e-07
-2.0784e-07,-6.6457e-07,-4.223e-07,-7.2083e-07,-5.9387e-07,-2.7772e-07,-4.3149e-07,-5.1156e-07,-1.5822e-07,-2.3147e-07,-2.8373e-07,-4.5989e-07,-1.682e-07,-5.9102e-07,-7.9885e-07,-8.1838e-07,-2.9601e-07,-3.8785e-07,-1.0124e-06,-8.5722e-07,-1.0341e-06,-4.3073e-07,-3.171e-07,-5.7936e-07,-2.9679e-07,-1.0422e-06,-8.0405e-07,-1.1406e-06,-8.5611e-07,-4.3943e-07,-1.0082e-06,-1.0132e-06,-5.4001e-07,-2.071e-07,-6.0974e-07,-7.3233e-07,-6.2688e-07,-1.4534e-07,-1.31e-06,-2.5297e-07,-3.1888e-07,-9.4617e-07,-3.1514e-07,-2.0037e-07,-5.3491e-07,-7.4097e-07,-3.1043e-07,-8.8374e-07,-6.5913e-07,-6.1796e-07,-5.0372e-07,-2.2192e-07,-8.2243e-07,-1.2029e-06,-3.9572e-07,-4.8943e-07,-6.8725e-07,-5.6166e-07,-1.2922e-06,-3.99e-07,-8.5365e-07,-4.2623e-07,-2.376e-07,-1.0961e-06,-6.6795e-07,-4.3239e-07,-7.245e-07,-4.2838e-07,-9.2541e-07,-6.2645e-07,-6.4478e-07,-2.3428e-07,-5.0718e-07,-1.5657e-06,-4.335e-07,-1.8101e-07,-8.284e-07,-2.6409e-07,-3.9964e-07,-5.4486e-07,-3.7845e-07
-3.7983e-07,-1.3023e-07,-1.4085e-07,-1.635e-07,-1.7976e-07,-1.6601e-07,-1.8712e-07,-2.4726e-07,-2.6934e-07,-5.5167e-07,-3.2394e-07,-3.904e-07,-4.8537e-07,-1.7897e-07,-2.4788e-07,-1.5258e-07,-1.7239e-07,-3.1411e-07,-1.5019e-07,-1.8658e-07,-1.8256e-07,-2.4937e-07,-3.7279e-07,-2.1829e-07,-5.048e-08,-4.9885e-07,-1.4532e-07,-3.2829e-07,-3.9453e-07,-1.0855e-07,-1.3184e-07,-4.3232e-07,-4.4469e-07,-5.4054e-07,-4.1129e-07,-6.5262e-07,-3.3431e-07,-1.4979e-07,-1.4178e-07,-4.9581e-07,-6.0688e-07,-2.4314e-07,-4.3896e-07,-3.7335e-07,-3.5269e-07,-5.7966e-07,-3.5733e-07,-8.2214e-07,-1.2131e-07,-4.466e-07,-1.0261e-07,-2.6495e-07,-1.6659e-07,-3.2571e-07,-2.1382e-07,-3.3829e-07,-5.6644e-07,-2.4876e-07,-3.6849e-07,-5.8542e-07,-3.2239e-07,-4.4507e-07,-2.1734e-07,-3.2056e-07,-9.3017e-08,-1.3493e-07,-3.7493e-07,-1.037e-07,-4.302e-07,-5.2649e-07,-4.6488e-07,-3.5766e-07,-2.3936e-07,-5.1322e-07,-2.6859e-07,-2.5544e-07,-6.6163e-07,-2.7326e-07,-7.5827e-07,-3.8641e-07,-1.6653e-07
-1.9873e-07,-1.3344e-07,-9.6405e-08,-2.1566e-07,-1.6143e-07,-2.0416e-07,-7.9039e-08,-2.3213e-07,-1.2406e-07,-7.5635e-08,-1.6262e-07,-1.035e-07,-2.1235e-07,-1.7415e-07,-3.1501e-07,-2.0866e-07,-2.5894e-07,-3.431e-07,-2.1746e-07,-4.5875e-08,-1.8853e-07,-9.2482e-08,-2.129e-07,-2.2471e-07,-3.5916e-07,-1.7507e-07,-2.097e-07,-1.334e-07,-1.6196e-07,-1.3504e-07,-9.7693e-08,-4.443e-08,-1.5772e-07,-2.0604e-07,-4.7184e-08,-2.9603e-07,-2.788e-07,-1.3857e-07,-2.3692e-07,-1.0607e-07,-2.3931e-07,-3.7047e-07,-7.2747e-08,-5.7255e-07,-5.1624e-07,-4.1328e-07,-3.7314e-07,-2e-07,-9.7872e-08,-2.7899e-07,-1.1613e-07,-1.9154e-07,-4.365e-07,-1.256e-07,-1.537e-07,-1.0909e-07,-7.7727e-08,-1.5648e-07,-2.5043e-07,-3.8478e-07,-2.0722e-07,-3.1493e-07,-4.4716e-07,-1.9018e-07,-2.2318e-07,-1.1547e-07,-1.8701e-07,-2.7513e-07,-7.3401e-08,-9.278e-08,-1.3614e-07,-2.5365e-07,-4.728e-08,-3.0898e-07,-9.5475e-08,-1.3072e-07,-9.4022e-08,-2.527e-07,-1.338e-07,-1.9554e-07,-8.5274e-08
-8.3783e-08,-7.5579e-08,-2.0046e-07,-1.2615e-07,-2.8998e-08,-7.1519e-08,-1.887e-08,-3.8153e-08,-1.4872e-07,-2.6645e-07,-1.8119e-07,-3.4376e-08,-1.0598e-07,-1.2441e-07,-2.0995e-08,-1.7298e-07,-1.0882e-07,-1.1092e-07,-1.7848e-07,-3.947e-08,-3.5909e-08,-1.6625e-07,-1.1283e-07,-2.535e-08,-1.8695e-07,-1.0968e-07,-6.4591e-08,-1.0841e-07,-1.6752e-07,-7.0637e-08,-9.004e-08,-2.668e-08,-8.4176e-08,-1.7832e-07,-2.0703e-07,-9.0372e-08,-2.5052e-07,-9.1751e-08,-6.4535e-08,-3.3213e-07,-1.5884e-08,-9.5665e-08,-1.4589e-07,-3.1344e-08,-9.541e-08,-1.0621e-07,-3.2079e-08,-1.3509e-07,-9.6922e-08,-3.3659e-07,-1.2791e-07,-9.2129e-08,-3.3277e-08,-9.7494e-08,-1.212e-07,-2.664e-07,-9.7493e-08,-1.6916e-07,-8.2835e-08,-6.758e-08,-4.8773e-08,-1.0297e-07,-3.6336e-08,-8.9767e-08,-7.3054e-08,-1.3661e-07,-4.3462e-08,-9.8615e-08,-2.4481e-08,-1.0686e-08,-6.488e-08,-1.1212e-07,-9.8312e-08,-3.8146e-08,-1.4006e-07,-2.0273e-07,-1.0447e-07,-3.2512e-08,-1.4706e-07,-1.3822e-07,-2.4485e-07
-6.2885e-08,-2.2507e-08,-7.1493e-09,-2.1789e-08,-1.4641e-08,-2.5211e-08,-2.8508e-08,-1.6743e-08,-1.0433e-07,-1.0747e-07,-7.8255e-08,-3.3694e-08,-1.9265e-08,-1.0759e-07,-8.1154e-08,-2.4666e-08,-8.9091e-08,-1.2329e-07,-3.1781e-08,-4.962e-08,-1.7559e-08,-2.0043e-07,-4.7479e-08,-9.7183e-08,-4.6523e-09,-7.2795e-08,-1.0985e-07,-4.2698e-08,-6.7415e-08,-6.424e-08,-1.9751e-08,-3.5184e-08,-1.4544e-07,-6.4173e-08,-3.0626e-08,-5.2323e-08,-1.4338e-07,-4.9749e-08,-2.3877e-08,-7.1388e-08,-9.0991e-08,-3.92e-08,-1.4901e-07,-4.4493e-08,-1.6751e-08,-2.2461e-08,-1.1606e-07,-1.4115e-07,-3.7063e-08,-5.3378e-08,-1.027e-07,-5.2592e-08,-3.7681e-08,-8.5832e-08,-6.7214e-08,-9.314e-08,-4.3407e-08,-7.8744e-08,-4.2426e-08,-5.5346e-08,-1.9197e-08,-3.7998e-08,-4.5436e-08,-5.5038e-08,-6.1639e-08,-1.9348e-08,-1.0308e-08,-2.994e-08,-2.1802e-08,-9.3007e-08,-3.6418e-08,-2.3029e-08,-4.9268e-08,-3.7175e-08,-6.4418e-08,-1.3936e-07,-3.4137e-08,-6.7522e-08,-3.9577e-08,-5.0158e-08,-1.3018e-08
-3.3389e-08,-2.0482e-08,-1.128e-08,-1.407e-08,-1.3425e-08,-7.2041e-09,-1.396e-08,-1.3722e-08,-4.3363e-08,-3.7764e-08,-2.014e-08,-1.5446e-08,-3.9582e-08,-1.219e-07,-7.3372e-09,-3.4514e-08,-2.6333e-08,-4.1246e-08,-1.9141e-08,-8.0919e-08,-4.2102e-09,-5.1711e-08,-2.9793e-08,-1.1887e-07,-9.8076e-09,-6.2122e-08,-1.8305e-09,-3.9999e-08,-3.6119e-08,-4.1122e-08,-1.8935e-08,-2.5875e-08,-2.7001e-08,-5.9043e-08,-6.8556e-08,-7.3646e-08,-5.1144e-08,-6.761e-09,-2.8107e-08,-1.8181e-08,-2.5863e-08,-3.6914e-08,-1.061e-07,-2.779e-08,-3.7746e-08,-1.0025e-08,-1.7075e-08,-2.6486e-08,-6.8711e-08,-3.3721e-09,-1.5118e-08,-5.2602e-08,-4.3791e-09,-5.8077e-08,-5.816e-08,-1.1244e-07,-3.6118e-08,-4.3917e-08,-6.5838e-09,-2.2991e-08,-2.8413e-08,-3.3014e-08,-1.6096e-08,-1.5843e-08,-8.1316e-08,-9.9089e-08,-1.233e-08,-1.0842e-08,-4.8004e-08,-1.3517e-08,-2.9213e-08,-6.3282e-08,-4.6388e-08,-6.2606e-08,-2.6392e-08,-2.1887e-08,-9.7407e-09,-2.2592e-08,-4.5443e-08,-5.0947e-08,-3.9479e-08
-3.5204e-09,-4.0623e-08,-1.4394e-08,-5.0745e-08,-1.3353e-08,-1.971e-08,-1.6426e-08,-2.9755e-08,-1.8827e-08,-1.4087e-08,-9.1565e-09,-3.1037e-08,-1.3604e-08,-6.5869e-09,-1.0683e-08,-3.5522e-09,-6.1458e-09,-2.9451e-08,-5.0678e-09,-3.0955e-09,-2.6556e-08,-2.2781e-08,-3.0416e-08,-1.554e-08,-1.585e-08,-1.1649e-08,-1.2549e-08,-8.0545e-09,-5.5375e-09,-1.0963e-09,-3.0738e-08,-4.5434e-08,-3.9233e-08,-8.1258e-09,-3.2649e-08,-6.1817e-08,-2.2439e-09,-4.7808e-09,-4.6332e-08,-1.0279e-09,-6.8359e-08,-1.6339e-08,-7.3485e-09,-3.6161e-08,-4.667e-08,-3.3245e-08,-3.0823e-08,-6.1668e-09,-3.2836e-08,-1.17e-07,-2.1337e-08,-9.6333e-09,-3.483e-08,-2.674e-08,-6.4646e-09,-2.0744e-08,-5.3063e-08,-2.5727e-08,-1.4372e-08,-2.0107e-08,-5.639e-08,-1.3863e-08,-6.9095e-09,-6.1737e-09,-1.5134e-08,-2.428e-09,-5.3694e-08,-1.1143e-08,-1.6242e-08,-4.5785e-09,-1.356e-08,-1.5053e-08,-3.9692e-08,-4.2956e-09,-8.7053e-09,-5.7149e-09,-3.8856e-08,-1.0032e-08,-9.6189e-09,-5.2309e-08,-2.5418e-08
-5.5928e-09,-1.4059e-08,-4.1239e-09,-3.912e-09,-6.1565e-09,-3.9473e-08,-7.0624e-09,-5.2794e-09,-7.4094e-09,-1.8886e-08,-1.0067e-08,-1.1477e-08,-1.7497e-08,-6.0733e-09,-1.9401e-08,-5.3701e-09,-7.9202e-09,-4.8269e-09,-5.9005e-09,-4.8244e-09,-2.3733e-09,-4.0178e-09,-3.4059e-09,-8.7902e-09,-1.2886e-08,-1.7902e-08,-7.8845e-09,-2.8007e-09,-4.006e-08,-3.0147e-08,-4.029e-09,-4.6626e-10,-1.3724e-08,-1.3583e-08,-2.3755e-08,-1.4603e-08,-7.5778e-09,-1.0826e-08,-8.5465e-09,-1.8914e-08,-5.1268e-09,-4.8745e-09,-3.2679e-08,-2.8386e-08,-3.0389e-08,-2.3857e-08,-9.0982e-09,-1.4144e-08,-9.4887e-09,-3.7204e-08,-1.3273e-08,-1.8261e-08,-9.1169e-10,-1.1158e-09,-1.0998e-08,-2.8574e-09,-4.1958e-09,-4.5755e-08,-1.7077e-09,-2.204e-08,-3.0073e-09,-1.9012e-08,-4.1734e-09,-1.859e-08,-3.1114e-08,-1.1094e-08,-6.8245e-09,-4.4123e-09,-2.8765e-09,-1.7117e-08,-3.902e-08,-4.1531e-09,-1.2271e-09,-3.4793e-08,-4.6206e-09,-3.5841e-09,-5.3603e-09,-4.7512e-09,-1.4788e-08,-1.1588e-08,-1.9058e-08
-1.2407e-09,-7.2786e-09,-1.9151e-09,-1.4537e-08,-5.2819e-09,-9.9548e-09,-6.1128e-09,-4.5911e-09,-6.2798e-09,-3.6287e-09,-1.2288e-08,-2.5136e-08,-5.3254e-09,-2.869e-09,-1.0545e-08,-1.5244e-08,-1.186e-09,-4.8119e-09,-2.8079e-09,-9.8799e-10,-6.9731e-09,-2.561e-09,-5.5748e-09,-6.47e-10,-4.4964e-09,-1.4517e-09,-3.2059e-09,-4.7035e-09,-7.7273e-10,-4.0909e-09,-3.8896e-09,-1.7016e-09,-2.0681e-09,-2.3682e-09,-5.987e-09,-2.6315e-09,-1.4483e-08,-4.3133e-09,-1.7017e-08,-1.2903e-08,-1.1818e-09,-1.8636e-08,-8.0827e-09,-2.371e-08,-1.8276e-08,-1.6589e-08,-2.1231e-08,-1.3805e-08,-1.1318e-08,-1.5577e-08,-5.735e-09,-3.6656e-09,-4.0384e-09,-1.3512e-08,-1.2721e-08,-6.0168e-09,-1.2195e-09,-8.2297e-09,-8.2527e-09,-1.2994e-09,-3.8289e-09,-1.0706e-08,-1.6351e-08,-9.5246e-10,-8.0314e-09,-3.7225e-09,-6.5512e-09,-5.7138e-09,-3.4953e-09,-7.1387e-09,-2.8074e-08,-9.1189e-09,-1.27e-08,-1.1771e-08,-7.7667e-10,-5.7297e-09,-3.3873e-09,-5.5676e-09,-1.6998e-09,-3.9198e-09,-7.1594e-10
-2.1965e-09,-4.833e-09,-4.0635e-09,-8.3955e-09,-1.7058e-09,-7.4425e-09,-8.8213e-09,-7.6594e-09,-2.6925e-09,-2.4743e-09,-4.602e-09,-1.2186e-08,-6.7604e-10,-3.0884e-09,-8.6175e-10,-6.4902e-09,-8.891e-09,-7.1423e-10,-1.815e-09,-4.6785e-09,-1.8245e-09,-6.6742e-09,-5.0539e-09,-4.8788e-09,-5.7717e-09,-4.9417e-09,-6.4104e-10,-1.7436e-09,-5.5439e-09,-3.0383e-09,-1.8916e-09,-5.8577e-10,-2.0061e-09,-7.5493e-09,-5.199e-09,-5.2599e-09,-2.9347e-08,-3.769e-09,-2.7038e-10,-2.4722e-09,-1.3943e-09,-1.8995e-09,-6.1524e-10,-5.4526e-09,-6.8685e-09,-3.1911e-09,-1.2099e-09,-1.0843e-08,-2.9717e-09,-3.2031e-09,-7.4345e-10,-3.5503e-09,-1.3807e-09,-1.0015e-09,-6.869e-09,-3.5921e-09,-1.7696e-09,-4.8378e-09,-3.0904e-09,-8.8218e-10,-3.7827e-09,-1.9942e-09,-1.524e-09,-2.0114e-09,-4.003e-09,-7.2289e-09,-4.6268e-10,-7.4264e-09,-2.3913e-09,-6.2407e-10,-1.5001e-09,-3.0714e-10,-7.1842e-10,-7.5638e-09,-2.3679e-09,-6.6362e-09,-2.077e-09,-2.4487e-09,-6.0007e-09,-3.5946e-09,-2.3916e-09
